timestamp,ticker,headline
"Fri, 02 May 2025 07:00:00 GMT",NVDA,Is NVIDIA (NVDA) the Best NASDAQ Stock to Buy According to Billionaires? - Yahoo Finance
"Fri, 02 May 2025 07:00:00 GMT",AAPL,"Stocks making the biggest moves premarket: Apple, Block, Atlassian, Reddit, Airbnb and more - CNBC"
"Fri, 02 May 2025 07:00:00 GMT",AAPL,Apple Inc (AAPL) Q2 2025 Earnings Call Highlights: Record Revenue and Strategic Investments ... - Yahoo Finance
"Fri, 02 May 2025 07:00:00 GMT",AMZN,"Amazon beats on Q1 earnings, but light Q2 guidance weighs on stock - Yahoo Finance"
"Fri, 02 May 2025 07:00:00 GMT",AMZN,Why Amazon Leader Says Tech Giant Could Gain Market Share From Tariff 'Uncertainty' - Investor's Business Daily
"Fri, 02 May 2025 07:00:00 GMT",AMZN,Amazon Braces for Tougher Business Climate Amid Trump Trade War - Bloomberg.com
"Fri, 02 May 2025 07:00:00 GMT",AMZN,Watch These Amazon Stock Price Levels After Company Issues Soft Outlook - Investopedia
"Fri, 02 May 2025 07:00:00 GMT",AAPL,Why Apple (AAPL) Stock Is Falling Today - Yahoo Finance
"Fri, 02 May 2025 07:00:00 GMT",AAPL,Is Apple Inc. (AAPL) the Best NASDAQ Stock to Buy According to Billionaires? - Yahoo Finance
"Fri, 02 May 2025 07:00:00 GMT",TSLA,HOG or TSLA: Which Is the Better Value Stock Right Now? - Yahoo Finance
"Fri, 02 May 2025 14:59:16 GMT",AAPL,"Apple Beat Q2 Expectations, But AAPL Stock Faces Multiple Near-Term Headwinds - MSN"
"Fri, 04 Apr 2025 07:00:00 GMT",JPM,"Retail investors buy stocks at largest level in 10 years, JPMorgan says - Reuters"
"Fri, 04 Apr 2025 07:00:00 GMT",AAPL,Apple's Heavy Dip Was Well Deserved (AAPL) - Seeking Alpha
"Fri, 04 Apr 2025 07:00:00 GMT",JPM,JP Morgan upgrades risk of global recession to 60% - CNN
"Fri, 04 Apr 2025 07:00:00 GMT",JPM,"JPMorgan Chase: Real Catalyst Might Be Panic, Not Growth - Seeking Alpha"
"Fri, 04 Apr 2025 07:00:00 GMT",AAPL,Apple Inc. (AAPL) Is a Trending Stock: Facts to Know Before Betting on It - Nasdaq
"Fri, 04 Apr 2025 07:00:00 GMT",AMZN,"Is Amazon.com, Inc. (AMZN) the Top Stock to Buy According to Think Investments? - Yahoo Finance"
"Fri, 04 Apr 2025 07:00:00 GMT",JPM,JPMorgan Set Report Q1 Earnings Next Week: How to Play JPM Stock? - Yahoo Finance
"Fri, 04 Apr 2025 07:00:00 GMT",JPM,Global brokerages raise recession odds; J.P.Morgan sees 60% chance - Reuters
"Fri, 04 Apr 2025 07:00:00 GMT",AMZN,"Jim Cramer on Amazon (AMZN): “What Can I Say Other Than… Buy, Buy, Buy!” - Yahoo Finance"
"Fri, 04 Apr 2025 07:00:00 GMT",AMZN,Amazon.com (NasdaqGS:AMZN) Eyes TikTok Acquisition Amid 11% Weekly Stock Dip - Yahoo Finance
"Fri, 07 Mar 2025 08:00:00 GMT",JPM,JP Morgan RTO Mandate: I'm Worried How It Will Damage My Relationship - Business Insider
"Fri, 07 Mar 2025 08:00:00 GMT",AMZN,Amazon (AMZN) Stock Dips While Market Gains: Key Facts - Nasdaq
"Fri, 09 May 2025 07:00:00 GMT",AAPL,Jim Cramer on Apple Inc. (AAPL): ‘These Gains Were Totally Gettable’ - Yahoo Finance
"Fri, 09 May 2025 07:00:00 GMT",NVDA,Jim Cramer on NVIDIA (NVDA): Bears ‘Getting Gored By The Bulls’ - Yahoo Finance
"Fri, 09 May 2025 07:00:00 GMT",NVDA,NVIDIA Corporation (NVDA) – Datacenter Growth Offers Huge Upside Potential - Yahoo Finance
"Fri, 09 May 2025 07:00:00 GMT",AMZN,Should You Buy AMZN Stock At $195 After Landmark U.S.–U.K. Trade Deal? - Forbes
"Fri, 09 May 2025 07:00:00 GMT",NVDA,Peter Lynch Detailed Fundamental Analysis - NVDA - Nasdaq
"Fri, 09 May 2025 07:00:00 GMT",NVDA,Revenue Powerhouse Nvidia (NVDA) Plots Return to Stock Stardom - TipRanks
"Fri, 09 May 2025 07:00:00 GMT",TSLA,"Tesla Stock Price Today (May 9, 2025): TSLA Is Up Early Today - 24/7 Wall St."
"Fri, 09 May 2025 07:00:00 GMT",TSLA,Tesla (TSLA) shareholders get excited for ‘Tesla prototype’ that turn out to be a competitor’s - Electrek
"Fri, 09 May 2025 07:00:00 GMT",JPM,Investors Heavily Search JPMorgan Chase & Co. (JPM): Here is What You Need to Know - Yahoo Finance
"Fri, 09 May 2025 07:00:00 GMT",TSLA,"Tesla Stock Price Today (May 9, 2025): TSLA Is Up Early Today - AOL.com"
"Fri, 09 May 2025 07:00:00 GMT",AAPL,"After Earnings, Is Apple Stock a Buy, a Sell, or Fairly Valued? - Morningstar"
"Fri, 09 May 2025 07:00:00 GMT",TSLA,Here’s Why Tesla Stock (TSLA) Is Rallying Today - TipRanks
"Fri, 09 May 2025 07:00:00 GMT",AAPL,Apple Inc. (AAPL): Among Billionaire Bruce Berkowitz’s Stock Picks with Highest Upside Potential - Yahoo Finance
"Fri, 09 May 2025 07:00:00 GMT",AAPL,Two reasons to buy Apple’s stock after its 24% decline so far in 2025 - MarketWatch
"Fri, 09 May 2025 07:00:00 GMT",AAPL,Analyst After Apple (AAPL) Results: ‘People Will Not Go Without an iPhone’ – Says Revenue ‘Pretty Impressive’ - Yahoo Finance
"Fri, 11 Apr 2025 07:00:00 GMT",JPM,JPMorgan's Q1 Review: A Fantastic Quarter (NYSE:JPM) - Seeking Alpha
"Fri, 11 Apr 2025 07:00:00 GMT",JPM,"JPMorgan (JPM) Tops Q1 EPS by 45c, Beats on Revenue - StreetInsider"
"Fri, 11 Apr 2025 07:00:00 GMT",JPM,JPMorgan Chase tops quarterly expectations as Dimon says U.S. economy faces ‘considerable turbulence’ - CNBC
"Fri, 11 Apr 2025 07:00:00 GMT",JPM,"JPMorgan Earnings Reveal Massive $4.4T Asset Base, Reinforcing Banking Dominance - Stock Titan"
"Fri, 11 Apr 2025 07:00:00 GMT",JPM,"JPMorgan profit beats estimates on record stock trading, CEO sees economic turbulence - Reuters"
"Fri, 11 Apr 2025 07:00:00 GMT",JPM,Dollar Diversification: Why Now? - J.P. Morgan Private Bank
"Fri, 11 Apr 2025 07:00:00 GMT",AMZN,Is Amazon.com Inc. (NASDAQ:AMZN) a NASDAQ Stock with the Highest Upside Potential? - Yahoo Finance
"Fri, 11 Apr 2025 07:00:00 GMT",JPM,JPMorgan analyst says he now tempers public comments on US tariffs - Reuters
"Fri, 11 Apr 2025 07:00:00 GMT",JPM,"JPM, BlackRock, & Wells Fargo earnings: Market Minute - Yahoo Finance"
"Fri, 11 Apr 2025 07:00:00 GMT",JPM,"JPM's Q1 Earnings Top on Solid Trading & Higher Loans, Provisions Soar - Zacks Investment Research"
"Fri, 11 Apr 2025 07:00:00 GMT",NVDA,Is NVDA Stock A Bargain At $110? - Forbes
"Fri, 11 Apr 2025 07:00:00 GMT",JPM,"JPMorgan Says US Consumer Is Fine, Even as Recession Risk Grows (JPM) - Bloomberg.com"
"Fri, 11 Apr 2025 07:00:00 GMT",JPM,JPMorganChase Reports First-Quarter 2025 Financial Results - Business Wire
"Fri, 11 Apr 2025 07:00:00 GMT",JPM,JPM Earnings: All you need to know about JPMorgan’s Q1 2025 earnings results - AlphaStreet
"Fri, 11 Apr 2025 07:00:00 GMT",JPM,Is JPMorgan Chase & Co. (JPM) The Cheap NYSE Stock to Invest in According to Hedge Funds? - Yahoo Finance
"Fri, 11 Apr 2025 07:00:00 GMT",JPM,"JPMorgan Clears Estimates, Economy Faces 'Considerable Turbulence,' Jamie Dimon Warns - Investor's Business Daily"
"Fri, 14 Mar 2025 07:00:00 GMT",AMZN,Amazon Stock Regains Some Ground But Still On Track For Sixth Straight Weekly Decline - Investor's Business Daily
"Fri, 14 Mar 2025 07:00:00 GMT",AMZN,Applied Optoelectronics Stock Soars on Amazon Deal Giving Option to Buy Shares - Investopedia
"Fri, 16 May 2025 09:45:00 GMT",NVDA,Prediction: Nvidia Stock Is Set for a Massive Rally After May 28 - Yahoo Finance
"Fri, 16 May 2025 12:24:00 GMT",JPM,JPM vs. MS: Which Wall Street Titan Deserves a Spot in Your Portfolio? - Yahoo Finance
"Fri, 16 May 2025 13:28:24 GMT",NVDA,TipRanks’ All-Star Analyst – Who Is the Best on Nvidia Stock (NVDA)? - TipRanks
"Fri, 16 May 2025 17:53:33 GMT",JPM,JPMorgan Chase (NYSE:JPM) Readies New Paris Office Expansion With Employee-Centric Design - Yahoo Finance
"Fri, 16 May 2025 19:09:00 GMT",AAPL,Nvidia (NVDA) Nears Apple (AAPL) in Market Cap Amid AI Tailwinds - Yahoo Finance
"Fri, 16 May 2025 20:12:00 GMT",TSLA,Is Tesla Stock A Buy Or A Sell As Investors Count Down To The June Robotaxi Launch? - Investor's Business Daily
"Fri, 16 May 2025 20:19:50 GMT",NVDA,"Michael Burry Buys Puts on NVDA, BABA and Baidu - Yahoo Finance"
"Fri, 16 May 2025 20:29:39 GMT",TSLA,Tesla Stock Rises for Fourth Week in a Row - Investopedia
"Fri, 16 May 2025 20:45:41 GMT",AAPL,Apple (AAPL) Faces Trump Pushback Over India Manufacturing Shift - Yahoo Finance
"Fri, 18 Apr 2025 07:00:00 GMT",TSLA,Tesla: Sell Now Or Regret Later - Seeking Alpha
"Fri, 18 Apr 2025 07:00:00 GMT",AMZN,Is Amazon.com (AMZN) the Best NASDAQ Stock to Buy So Far in 2025? - Yahoo Finance
"Fri, 18 Apr 2025 07:00:00 GMT",AAPL,Is Apple Inc. (AAPL) the Best Metaverse Stock to Invest in? - Yahoo Finance
"Fri, 18 Apr 2025 07:00:00 GMT",JPM,"Exclusive: JPMorgan beefs up activism defense group, hires two managing directors - Reuters"
"Fri, 18 Apr 2025 07:00:00 GMT",NVDA,"Nvidia: Downgrade To Sell, In My Latest Act Of Heresy - Seeking Alpha"
"Fri, 18 Apr 2025 07:00:00 GMT",AAPL,Analysts Slash Apple Stock (AAPL) Forecasts as Tariff Fears Mount - TipRanks
"Fri, 21 Mar 2025 07:00:00 GMT",TSLA,Elon tells Tesla employees not to sell TSLA stock as board and execs are dumping - Electrek
"Fri, 25 Apr 2025 07:00:00 GMT",TSLA,"Jim Cramer Reacts to Tesla (TSLA) Rally: “Musk Is Back, That’s Enough” - Yahoo Finance"
"Fri, 25 Apr 2025 07:00:00 GMT",TSLA,"Renowned Analyst Is More Bullish on Tesla (TSLA) Stock, But It Will Likely Be Ejected From Momentum ETF - Yahoo Finance"
"Fri, 25 Apr 2025 07:00:00 GMT",JPM,Is JPMorgan Chase & Co. (JPM) the Best Stock to Invest in for Long Term? - Yahoo Finance
"Fri, 25 Apr 2025 07:00:00 GMT",TSLA,"The Tesla (TSLA) dilemma: company is cooked with Musk, but stock crashes without him - Electrek"
"Fri, 25 Apr 2025 07:00:00 GMT",TSLA,Tesla (TSLA) Shares Jump After U.S. Loosens Self-Driving Car Rules - Yahoo Finance
"Fri, 25 Apr 2025 07:00:00 GMT",JPM,Threading the needle: Where markets may be mispricing trade risk - J.P. Morgan Private Bank
"Fri, 25 Apr 2025 07:00:00 GMT",TSLA,Why Tesla (TSLA) Stock Is Trading Up Today - Yahoo Finance
"Fri, 25 Apr 2025 07:00:00 GMT",AAPL,Apple Earnings in Focus! Can AAPL Stock Withstand the Tariff Storm? - TipRanks
"Fri, 25 Apr 2025 07:00:00 GMT",AAPL,"Going Into Earnings, Is Apple Stock a Buy, a Sell, or Fairly Valued? - Morningstar"
"Fri, 25 Apr 2025 07:00:00 GMT",TSLA,Why Tesla Stock Just Had Its Best Week Since November - Investopedia
"Fri, 25 Apr 2025 07:00:00 GMT",AAPL,Is Apple Inc. (AAPL) the Best Safe Stock to Buy According to Hedge Funds? - Yahoo Finance
"Fri, 25 Apr 2025 07:00:00 GMT",AAPL,"Final Trade: GM, AMZN, AAPL, FI - CNBC"
"Fri, 25 Apr 2025 07:00:00 GMT",AMZN,"Is Amazon.com, Inc. (AMZN) the Best Stock to Invest in for Long Term? - Yahoo Finance"
"Fri, 28 Feb 2025 08:00:00 GMT",AMZN,Amazon.com Stock: Is AMZN Outperforming the Consumer Cyclical Sector? - Nasdaq
"Fri, 28 Mar 2025 07:00:00 GMT",NVDA,Why Is Nvidia (NVDA) Down 7.3% Since Last Earnings Report? - Nasdaq
"Fri, 28 Mar 2025 07:00:00 GMT",AMZN,Is AMZN Stock Still A Growth Engine? - Forbes
"Mon, 03 Mar 2025 08:00:00 GMT",JPM,"Following the Fed’s decision to pause rate cuts, what could its next move be? - J.P. Morgan"
"Mon, 05 May 2025 07:00:00 GMT",NVDA,Nvidia (NVDA) Stock Moves -0.59%: What You Should Know - Yahoo Finance
"Mon, 05 May 2025 07:00:00 GMT",JPM,"JPMorgan says AI helped boost sales, add clients in market turmoil - Reuters"
"Mon, 05 May 2025 07:00:00 GMT",AMZN,"Buy, Sell, or Hold These Mag 7 Stocks After Earnings: AAPL, AMZN - Yahoo Finance"
"Mon, 05 May 2025 07:00:00 GMT",NVDA,Nvidia (NVDA) to Lead Computex 2025 With AI-Focused Keynote - Yahoo Finance
"Mon, 05 May 2025 07:00:00 GMT",NVDA,NVIDIA Corporation (NVDA): Among Unknown Billionaire Phill Gross’ Stock Picks with Huge Upside Potential - Yahoo Finance
"Mon, 05 May 2025 07:00:00 GMT",JPM,"Standards for bank tokens proposed by Kinexys by JP Morgan, MIT - ledgerinsights.com"
"Mon, 05 May 2025 07:00:00 GMT",AMZN,Was Jim Cramer Right About Amazon.com (AMZN)? - Yahoo Finance
"Mon, 05 May 2025 07:00:00 GMT",AAPL,Apple: It's Not Too Late To Buy This Turnaround - Seeking Alpha
"Mon, 05 May 2025 07:00:00 GMT",NVDA,Is NVIDIA (NVDA) The Best Stock to Buy and Hold For 10 Years? - Yahoo Finance
"Mon, 05 May 2025 07:00:00 GMT",NVDA,Nvidia Stock: Not A Bargain Even After A Serious Correction (NASDAQ:NVDA) - Seeking Alpha
"Mon, 07 Apr 2025 07:00:00 GMT",JPM,The 2025 Tariff Shock - J.P. Morgan Private Bank
"Mon, 07 Apr 2025 07:00:00 GMT",AAPL,New Analyst Forecast: $AAPL Given 'Buy' Rating - Nasdaq
"Mon, 07 Apr 2025 07:00:00 GMT",AAPL,Apple Stock Can Weather Tariff Storm. Here’s How. - Trefis
"Mon, 07 Apr 2025 07:00:00 GMT",JPM,Tariff shock: A guide to the global market selloff - J.P. Morgan Private Bank
"Mon, 07 Apr 2025 07:00:00 GMT",JPM,"Final Trade: QCOM, HOOD, JPM, GDX - CNBC"
"Mon, 07 Apr 2025 07:00:00 GMT",JPM,"JPMorganChase Publishes 2024 Annual Report, Including Chairman & CEO Letter to Shareholders - Business Wire"
"Mon, 07 Apr 2025 07:00:00 GMT",AAPL,Apple (AAPL) Stock: More Downside or Massive Buying Opportunity? - Money Morning
"Mon, 12 May 2025 07:00:00 GMT",NVDA,Cathie Wood Doubles Down on Nvidia (NVDA) Stock Despite Selloff. Should You Copy Her? - Money Morning
"Mon, 12 May 2025 07:00:00 GMT",AMZN,Why Is Amazon (AMZN) Stock Rocketing Higher Today - Yahoo Finance
"Mon, 12 May 2025 07:00:00 GMT",NVDA,NVIDIA Stock Price May 12: NVDA Shares Gain 5% in Early Trading - 24/7 Wall St.
"Mon, 12 May 2025 07:00:00 GMT",TSLA,Tesla Stock Flashes Buy Signal With This Move Ahead Of Robotaxi Launch - Investor's Business Daily
"Mon, 12 May 2025 07:00:00 GMT",TSLA,Tesla (TSLA) poised to hit $1 trillion valuation again amid reports of Trump China deal - Teslarati
"Mon, 12 May 2025 07:00:00 GMT",AAPL,Apple (AAPL) Reaches $95M Siri Settlement Over Privacy Lawsuit - Yahoo Finance
"Mon, 12 May 2025 12:21:14 GMT",NVDA,"Stocks making the biggest moves premarket: Nvidia, Best Buy, Eli Lilly, Tesla, Amazon and more - CNBC"
"Mon, 12 May 2025 12:21:14 GMT",TSLA,"Stocks making the biggest moves premarket: Nvidia, Best Buy, Eli Lilly, Tesla, Amazon and more - CNBC"
"Mon, 14 Apr 2025 07:00:00 GMT",JPM,Bank Trading Bonanza to Continue After Record Before Tariffs - Bloomberg.com
"Mon, 14 Apr 2025 07:00:00 GMT",JPM,SwapAgent & Trafigura Open GBP BDAs on Kinexys - J.P. Morgan
"Mon, 14 Apr 2025 07:00:00 GMT",JPM,JPMorgan Chase & Co. (JPM): One of the Best Dividend Paying Stocks According to Hedge Funds - Yahoo Finance
"Mon, 14 Apr 2025 07:00:00 GMT",NVDA,Nvidia Stock Is Trading As If It's 2019 Again (NASDAQ:NVDA) - Seeking Alpha
"Mon, 14 Apr 2025 07:00:00 GMT",AAPL,OU Law Accredited by American Association of Professional Landmen - The University of Oklahoma
"Mon, 14 Apr 2025 07:00:00 GMT",AMZN,Amazon (AMZN) Stock Sinks As Market Gains: Here's Why - Nasdaq
"Mon, 14 Apr 2025 07:00:00 GMT",AAPL,Keybanc Upgrades Apple (SNSE:AAPL) - Nasdaq
"Mon, 14 Apr 2025 07:00:00 GMT",NVDA,Nvidia (NVDA) Stock Slides as Market Rises: Facts to Know Before You Trade - Nasdaq
"Mon, 14 Apr 2025 07:00:00 GMT",JPM,Is JPMorgan A ‘Buy’ Following Its Q1 2025 Earnings? (NYSE:JPM) - Seeking Alpha
"Mon, 14 Apr 2025 07:00:00 GMT",JPM,JPMorgan Chase’s Kinexys Broadens FX Reach With New GBP Blockchain Rollout - PYMNTS.com
"Mon, 17 Mar 2025 07:00:00 GMT",AMZN,Amazon (AMZN) Stock Drops Despite Market Gains: Important Facts to Note - Nasdaq
"Mon, 19 May 2025 10:04:52 GMT",NVDA,Nvidia announces new tech to keep it at the center of AI development - CNBC
"Mon, 19 May 2025 10:50:00 GMT",TSLA,"The Bears Might Be Right On Tesla, But Wrong On TSLA Stock - Seeking Alpha"
"Mon, 19 May 2025 12:29:47 GMT",TSLA,"Stocks making the biggest premarket moves: Walmart, Netflix, Tesla, Reddit and more - CNBC"
"Mon, 19 May 2025 13:30:00 GMT",AMZN,3 Reasons Amazon Stock Looks Like an Incredible Bargain Right Now - Yahoo Finance
"Mon, 19 May 2025 13:51:12 GMT",TSLA,Analyst Says Tesla (TSLA) ‘Massively Overvalued’ Amid Notion of Elon Musk’s ‘Magic Abilities’ - Yahoo Finance
"Mon, 19 May 2025 16:58:18 GMT",AMZN,Amazon (NASDAQ: AMZN) Stock Price Prediction for 2025: Where Will It Be in 1 Year - 24/7 Wall St.
"Mon, 19 May 2025 17:38:00 GMT",TSLA,Ross Gerber has dumped Tesla stock while calling for a collapse. Shares are up more than 50% from recent lows. - Business Insider
"Mon, 19 May 2025 19:46:32 GMT",JPM,"Moody's downgrades JPM, BofA and Wells Fargo after US credit rating cut - Reuters"
"Mon, 19 May 2025 21:33:14 GMT",NVDA,Nvidia (NVDA) Opens GPU Marketplace to Ease AI Bottlenecks - Yahoo Finance
"Mon, 19 May 2025 22:35:39 GMT",JPM,"JPMorgan expects dealmaking fees to drop, keeps CEO succession plans steady - Reuters"
"Mon, 19 May 2025 22:41:28 GMT",JPM,JPMorgan Chase & Co. (JPM) Declares Common Stock Dividend - Yahoo Finance
"Mon, 19 May 2025 22:50:22 GMT",JPM,"JPMorgan executives take center stage with succession, tariffs in focus - Reuters"
"Mon, 21 Apr 2025 07:00:00 GMT",AMZN,Investment Bank Downgrades AMZN on Earnings Pressures - Yahoo Finance
"Mon, 21 Apr 2025 07:00:00 GMT",AAPL,Apple Inc. (AAPL): Among Stocks That Could 10X Over the Next 2 Years - Yahoo Finance
"Mon, 21 Apr 2025 07:00:00 GMT",JPM,JPMorganChase Investor Day 2025 - Business Wire
"Mon, 21 Apr 2025 07:00:00 GMT",NVDA,"Stocks making the biggest moves midday: Hertz, Nvidia, Amazon, Apple and more - CNBC"
"Mon, 21 Apr 2025 07:00:00 GMT",AMZN,Buy Amazon Stock Before It Explodes From Q1 Results (NASDAQ:AMZN) - Seeking Alpha
"Mon, 21 Apr 2025 07:00:00 GMT",AMZN,Investment Manager Says Amazon.com (AMZN) Has ‘Pretty Interesting’ Valuation - Yahoo Finance
"Mon, 21 Apr 2025 07:00:00 GMT",AMZN,What You Need to Know Ahead of Amazon.com's Earnings Release - Nasdaq
"Mon, 21 Apr 2025 07:00:00 GMT",TSLA,"Fund Update: KINGSWOOD WEALTH ADVISORS, LLC added 64,734 shares of TESLA ($TSLA) to their portfolio - Nasdaq"
"Mon, 21 Apr 2025 07:00:00 GMT",JPM,JPMorgan Chase & Co. (JPM): Among Billionaire Rob Citrone’s Top Stock Picks - Yahoo Finance
"Mon, 21 Apr 2025 07:00:00 GMT",AMZN,Amazon Stock Downgraded From Strong Buy Call On Tariff Risks - Investor's Business Daily
"Mon, 21 Apr 2025 07:00:00 GMT",TSLA,Tesla Earnings Preview: Will TSLA Snap Its Losing Streak? - tastylive
"Mon, 21 Apr 2025 07:00:00 GMT",AAPL,Apple (AAPL) Stock Moves -1.94%: What You Should Know - Nasdaq
"Mon, 21 Apr 2025 07:00:00 GMT",JPM,JPMorgan to Expand San Francisco Office in Boost to Downtown - Bloomberg.com
"Mon, 21 Apr 2025 07:00:00 GMT",NVDA,Nvidia: A Textbook Contrarian Buy Opportunity (NASDAQ:NVDA) - Seeking Alpha
"Mon, 21 Apr 2025 07:00:00 GMT",NVDA,"NVDA, CRM, or GOOGL: Which Tech Stock Is the Most Attractive Pick? - TipRanks"
"Mon, 21 Apr 2025 07:00:00 GMT",JPM,J.P. Morgan Asset Management Hires Geng Ngarmboonanant to Multi-Asset Solutions Business - PR Newswire
"Mon, 21 Apr 2025 07:00:00 GMT",JPM,Yellen's Former Deputy Chief Takes Key Role at JPMorgan's $440 Billion Multi-Asset Division - Stock Titan
"Mon, 21 Apr 2025 07:00:00 GMT",TSLA,Elon Musk breaks his own Tesla (TSLA) earnings rule in desperate move - Electrek
"Mon, 21 Apr 2025 07:00:00 GMT",JPM,"Coca-Cola Should 'Continue to Outperform' Amid Tariff Uncertainty, JPM Says - Investopedia"
"Mon, 21 Apr 2025 07:00:00 GMT",TSLA,Tesla Q1 Preview: Expecting Near Record Revenues (NASDAQ:TSLA) - Seeking Alpha
"Mon, 24 Feb 2025 08:00:00 GMT",AMZN,Why Is Amazon Stock Down Today? AMZN Price Hits 2-Month Lows Amid High Price Predictions - Finance Magnates
"Mon, 24 Mar 2025 07:00:00 GMT",AMZN,Amazon Stock Retakes Key Level As Analyst Offers Upbeat View After Nvidia Event - Investor's Business Daily
"Mon, 24 Mar 2025 07:00:00 GMT",TSLA,Tesla (TSLA) surges with retail investors on Trump and Musk pumping the soufflé - Electrek
"Mon, 28 Apr 2025 07:00:00 GMT",NVDA,"Stocks making the biggest moves midday: Plug Power, Nvidia, Peloton and more - CNBC"
"Mon, 28 Apr 2025 07:00:00 GMT",AAPL,Jim Cramer Says No One Thinks Apple (AAPL) Is Having ‘Great’ Sell-Through - Insider Monkey
"Mon, 28 Apr 2025 07:00:00 GMT",TSLA,Analyst Says Tesla (TSLA) ‘May Not Have Hit Rock Bottom Yet’ - Yahoo Finance
"Mon, 28 Apr 2025 07:00:00 GMT",JPM,JPMorgan Chase & Co. (JPM) is Attracting Investor Attention: Here is What You Should Know - Yahoo Finance
"Mon, 28 Apr 2025 07:00:00 GMT",AAPL,Jim Cramer Says No One Thinks Apple (AAPL) Is Having ‘Great’ Sell-Through - Yahoo Finance
"Mon, 28 Apr 2025 07:00:00 GMT",AAPL,Jim Cramer on Apple Inc. (AAPL): China Risks Create a Chess Game for Investors - Yahoo Finance
"Mon, 28 Apr 2025 07:00:00 GMT",AAPL,"Jim Cramer Says Washington Doesn’t ‘Care’ About Apple (AAPL) $500 Billion Investment, Services Jobs - Yahoo Finance"
"Mon, 28 Apr 2025 07:00:00 GMT",TSLA,"Tesla, Inc. (TSLA): A Bull Case Theory - Yahoo Finance"
"Mon, 28 Apr 2025 07:00:00 GMT",JPM,J.P. Morgan Payments Q1 2025 Earnings Highlights - J.P. Morgan
"Mon, 28 Apr 2025 07:00:00 GMT",AAPL,Analyst Says It’s Going to Be a ‘Rough’ Year for Apple (AAPL) Amid Tariff Impact - Yahoo Finance
"Mon, 28 Apr 2025 07:00:00 GMT",NVDA,"Top Stock Movers Now: Nvidia, Tesla, Boeing, and More - Investopedia"
"Mon, 28 Apr 2025 07:00:00 GMT",AAPL,Gear Up for Apple (AAPL) Q2 Earnings: Wall Street Estimates for Key Metrics - Yahoo Finance
"Mon, 28 Apr 2025 07:00:00 GMT",TSLA,"Brad Gerstner Says ‘No Market’ for Tesla (TSLA) If It Doesn’t Execute on Pricing, Speed - Yahoo Finance"
"Mon, 28 Apr 2025 07:00:00 GMT",AMZN,Oppenheimer Cuts Amazon Target Price 15% Ahead of Earnings Release - Investopedia
"Mon, 28 Apr 2025 07:00:00 GMT",TSLA,Former Auto Exec Says Tesla (TSLA) Q1 Numbers Had ‘Noise’ – Q2 Will Be ‘Very Telling’ - Yahoo Finance
"Mon, 28 Apr 2025 07:00:00 GMT",TSLA,Tesla Share Price Prediction Suggests 34% Surge as Elon Musk’s TSLA Sees Biggest Rally in 6 Months - Finance Magnates
"Mon, 31 Mar 2025 07:00:00 GMT",AMZN,Amazon Pushes Further Into AI Agents As Stock Falls On Tariff Concerns - Investor's Business Daily
"Mon, 31 Mar 2025 07:00:00 GMT",AAPL,Goldman Sachs Reiterates Buy Rating on Apple (AAPL) - StreetInsider
"Mon, 31 Mar 2025 07:00:00 GMT",TSLA,BLBD vs. TSLA: Which Stock Should Value Investors Buy Now? - Nasdaq
"Mon, 31 Mar 2025 07:00:00 GMT",AMZN,Amazon (AMZN) Stock Falls Amid Market Uptick: What Investors Need to Know - Nasdaq
"Mon, 31 Mar 2025 07:00:00 GMT",AMZN,"Amazon makes it easier for developers and tech enthusiasts to explore Amazon Nova, its advanced Gen AI models - About Amazon"
"Sat, 01 Mar 2025 08:00:00 GMT",TSLA,Tesla just wrapped up its second-worst month ever - Yahoo Finance
"Sat, 03 May 2025 07:00:00 GMT",NVDA,NVIDIA Corporation (NVDA): Among Ken Fisher’s Technology Stock Picks with Huge Upside Potential - Yahoo Finance
"Sat, 05 Apr 2025 07:00:00 GMT",AMZN,Should You Forget Amazon? Why These Unstoppable Stocks Are Better Buys - Yahoo Finance
"Sat, 05 Apr 2025 07:00:00 GMT",JPM,JPMorgan Chase (NYSE:JPM) Drops 13% Following Trade Tension Impact - Yahoo Finance
"Sat, 05 Apr 2025 07:00:00 GMT",AMZN,Amazon.com (NasdaqGS:AMZN) Eyes TikTok Acquisition Amid Weekly Price Drop Of 11% - Yahoo Finance
"Sat, 10 May 2025 07:00:00 GMT",AAPL,Is Apple Inc. (AAPL) the Worst Blue Chip Stock to Buy? - Yahoo Finance
"Sat, 10 May 2025 07:00:00 GMT",NVDA,Nvidia Stock At 40% Safety - Forbes
"Sat, 10 May 2025 07:00:00 GMT",NVDA,"MSFT, PLTR, and NVDA: Daniel Ives Picks the Best AI Stocks to Buy - Yahoo Finance"
"Sat, 10 May 2025 07:00:00 GMT",AMZN,2 No-Brainer Reasons Why Amazon Is a Must-Own Stock - The Motley Fool
"Sat, 10 May 2025 07:00:00 GMT",TSLA,"Is Tesla, Inc. (TSLA) the Worst Blue Chip Stock to Buy? - Yahoo Finance"
"Sat, 12 Apr 2025 07:00:00 GMT",AMZN,Is Amazon.com Inc. (NASDAQ:AMZN) the Best Tech Stock to Buy For Long-Term Investment? - Yahoo Finance
"Sat, 12 Apr 2025 07:00:00 GMT",JPM,"JPMorgan Chase (NYSE:JPM) Posts Strong Q1 Earnings With US$14,643 Million Net Income - Yahoo Finance"
"Sat, 17 May 2025 05:41:00 GMT",NVDA,Nvidia CEO says next chip after H20 for China won't be from Hopper series - Reuters
"Sat, 17 May 2025 17:24:17 GMT",AAPL,Apple (NasdaqGS:AAPL) Faces Legal Setback as Court Advances Patent Infringement Trial - Yahoo Finance
"Sat, 19 Apr 2025 07:00:00 GMT",AMZN,Why Amazon.com (AMZN) Is the Best Blue Chip Stock to Buy According to Billionaires - Yahoo Finance
"Sat, 19 Apr 2025 07:00:00 GMT",JPM,JPMorgan Chase & Co. (JPM): Among Value Stocks in Ken Fisher’s Portfolio - Yahoo Finance
"Sat, 26 Apr 2025 07:00:00 GMT",TSLA,Why Tesla Inc. (TSLA) Soared Last Week - Yahoo Finance
"Sat, 26 Apr 2025 07:00:00 GMT",AAPL,Apple: Trump's Tariffs Are An Opportunity - Seeking Alpha
"Sat, 26 Apr 2025 07:00:00 GMT",AAPL,Apple Inc. (AAPL) Backed by Strong Survey Results Amid Tough Market Conditions - Yahoo Finance
"Sat, 26 Apr 2025 07:00:00 GMT",TSLA,Why Tesla Inc. (TSLA) Went Up On Friday - Yahoo Finance
"Sun, 04 May 2025 07:00:00 GMT",JPM,Is JPMorgan Chase & Co. (JPM) The Most Profitable Cheap Stock to Buy Now? - Yahoo Finance
"Sun, 04 May 2025 07:00:00 GMT",AMZN,Analysts revise Amazon stock price targets after earnings - TheStreet
"Sun, 06 Apr 2025 07:00:00 GMT",AAPL,Apple: The Generational Buying Opportunity Is Here (Rating Upgrade) - Seeking Alpha
"Sun, 06 Apr 2025 18:00:08 GMT",JPM,Venture Capital Founders & Partners - J.P. Morgan Private Bank
"Sun, 06 Apr 2025 19:30:03 GMT",JPM,"Entertainment, Sports and Media - J.P. Morgan Private Bank"
"Sun, 11 May 2025 07:00:00 GMT",AAPL,Is Apple Inc. (AAPL) the Best Stock to Buy According to Jim Simons’ Renaissance Technologies? - Yahoo Finance
"Sun, 13 Apr 2025 07:00:00 GMT",AMZN,“Screw the Chinese or Get Screwed!” – Jim Cramer’s Bold Amazon.com (AMZN) Take - Yahoo Finance
"Sun, 13 Apr 2025 07:00:00 GMT",NVDA,Could Trump’s Tariff U-Turn Cause NVIDIA’s (Nasdaq: NVDA) Stock Price to Soar Monday? - AOL.com
"Sun, 18 May 2025 10:33:00 GMT",TSLA,Billionaire fund manager unloads over $100 million of Tesla stock - TheStreet
"Sun, 18 May 2025 19:14:39 GMT",NVDA,"MSFT, NVDA, or TSLA: Which Magnificent 7 Stock Has the Highest Upside Potential? - TipRanks"
"Sun, 20 Apr 2025 07:00:00 GMT",NVDA,Nvidia Stock: The Week of April 14-18 in Review - The Motley Fool
"Sun, 20 Apr 2025 07:00:00 GMT",JPM,JPMorgan Chase & Co. (JPM): One of the Dividend Stocks with Sustainable Payout Ratios - Yahoo Finance
"Sun, 20 Apr 2025 07:00:00 GMT",TSLA,"TESLA Earnings Preview: Recent $TSLA Insider Trading, Hedge Fund Activity, and More - Nasdaq"
"Sun, 27 Apr 2025 07:00:00 GMT",AAPL,Is Apple Inc. (AAPL) the Most Profitable Blue Chip Stock to Buy Now? - Yahoo Finance
"Sun, 27 Apr 2025 07:00:00 GMT",AAPL,Jim Cramer Says Apple Inc. (AAPL) Just ‘Doesn’t Grow As Fast As We’d Like’ - Yahoo Finance
"Sun, 27 Apr 2025 07:00:00 GMT",NVDA,Nvidia Stock: False Narrative (NASDAQ:NVDA) - Seeking Alpha
"Sun, 27 Apr 2025 07:00:00 GMT",TSLA,Analyst Says Tesla (TSLA) Valuation Still ‘Incredibly Rich’ as Chinese Companies ‘Eat’ Its Market Share - Yahoo Finance
"Sun, 27 Apr 2025 07:00:00 GMT",AMZN,"Amazon.com, Inc. (AMZN) Price Target Lowered to $220 but Remains a Top Long-Term Pick - Yahoo Finance"
"Sun, 27 Apr 2025 07:00:00 GMT",AMZN,Should You Buy The Amazon Dip Before April 30? (AMZN) - Seeking Alpha
"Sun, 27 Apr 2025 07:00:00 GMT",TSLA,"Is Tesla, Inc. (TSLA) Among the Best Self-Driving Car Stocks to Buy According to Analysts? - Yahoo Finance"
"Sun, 27 Apr 2025 07:00:00 GMT",TSLA,Jim Cramer Says ‘When Tesla Inc. (TSLA) Goes Down It Tends To Hurt Everything Related’ - Yahoo Finance
"Thu, 01 May 2025 07:00:00 GMT",JPM,"JPMorgan Just Filed Q1 2025 Report: Banking Giant Reveals Massive $4.4T Balance Sheet, $351B Equity Position - Stock Titan"
"Thu, 01 May 2025 07:00:00 GMT",AMZN,Amazon Shares Drop on Tariff Concerns Despite Strong Quarter - WSJ
"Thu, 01 May 2025 07:00:00 GMT",JPM,Climate Intuition: Unlocking resilience through strategic climate adaptation - J.P. Morgan
"Thu, 01 May 2025 07:00:00 GMT",NVDA,Nvidia: Could Be A Short Opportunity Because Of DeepSeek's R2 (NASDAQ:NVDA) - Seeking Alpha
"Thu, 01 May 2025 07:00:00 GMT",TSLA,"Tesla (TSLA) Board Members Likely Held Unofficial Talks About Replacing Musk, CNBC Anchor Says - Yahoo Finance"
"Thu, 01 May 2025 07:00:00 GMT",AAPL,Apple shares fall as Cook says 'very difficult' to predict tariff costs beyond June - CNBC
"Thu, 01 May 2025 07:00:00 GMT",TSLA,Tesla Board in Spotlight After Cashing In $1.2 Billion With Musk - Bloomberg.com
"Thu, 01 May 2025 07:00:00 GMT",TSLA,"Tesla, Inc. (TSLA): Thousands of Robots by Year-End? Musk’s Ambitious AI Timeline Sparks Debate - Yahoo Finance"
"Thu, 01 May 2025 07:00:00 GMT",AAPL,"Compared to Estimates, Apple (AAPL) Q2 Earnings: A Look at Key Metrics - Yahoo Finance"
"Thu, 01 May 2025 07:00:00 GMT",AAPL,Apple’s (NASDAQ:AAPL) Q1 Sales Beat Estimates - Yahoo Finance
"Thu, 01 May 2025 07:00:00 GMT",TSLA,Tesla (TSLA) reveals web of transactions between Elon Musk’s companies - Electrek
"Thu, 01 May 2025 07:00:00 GMT",AMZN,What Analysts Think of Amazon Stock Ahead of Earnings - Investopedia
"Thu, 01 May 2025 07:00:00 GMT",TSLA,"Tesla, Inc. (TSLA): Jim Cramer Says “I’m Still Putting My Chips on Musk” — But Can He Deliver This Time? - Yahoo Finance"
"Thu, 01 May 2025 07:00:00 GMT",AAPL,Apple (AAPL) Raises Quarterly Dividend 4% to $0.26; 0.5% Yield - StreetInsider
"Thu, 01 May 2025 07:00:00 GMT",AMZN,"Amazon Earnings Beat But Stock Falls On Mixed Guidance, Slight Cloud Miss - Investor's Business Daily"
"Thu, 01 May 2025 07:00:00 GMT",AMZN,"Amazon issues light guidance, noting 'tariffs and trade policies' as factors - CNBC"
"Thu, 01 May 2025 07:00:00 GMT",AAPL,"Apple Crushes Q2 Expectations: Services Revenue Hits All-Time High, Announces $100B Buyback - Stock Titan"
"Thu, 01 May 2025 07:00:00 GMT",AAPL,AAPL Earnings: Apple Stock Slides despite Topping Expectations - TipRanks
"Thu, 01 May 2025 07:00:00 GMT",AMZN,Amazon Q1 earnings: Here’s what you need to know - About Amazon
"Thu, 01 May 2025 21:50:48 GMT",JPM,META_TITLE_QUOTE - Yahoo Finance
"Thu, 03 Apr 2025 07:00:00 GMT",AMZN,AMZN Stock To $120? How Tariffs Could Reshape Amazon's Future - Forbes
"Thu, 03 Apr 2025 07:00:00 GMT",AMZN,Amazon’s new 'Buy for Me' feature helps customers find and buy products from other brands’ sites - About Amazon
"Thu, 03 Apr 2025 07:00:00 GMT",JPM,JPMorgan Chase (NYSE:JPM) Appoints Carl Torrillo as Industrials Mid-Cap MD in New York - Yahoo Finance
"Thu, 03 Apr 2025 07:00:00 GMT",TSLA,Here’s what TSLA analysts are saying about Tesla’s big delivery miss - Electrek
"Thu, 03 Apr 2025 07:00:00 GMT",JPM,Enhancing the merchant experience with Affirm agreement - J.P. Morgan
"Thu, 03 Apr 2025 07:00:00 GMT",AAPL,"While AAPL (Apple) suffered the steepest drop in 5 years due to Trump's tariffs, a foreign consumer revolt could further hurt Apple and other U.S. tech companies - patentlyapple.com"
"Thu, 03 Apr 2025 07:00:00 GMT",JPM,"JPM, BAC, GS: Bank Stocks Crater as U.S. Recession Risk Accelerates - TipRanks"
"Thu, 03 Apr 2025 07:00:00 GMT",JPM,Tariff update and what they mean for markets - J.P. Morgan Private Bank
"Thu, 03 Apr 2025 07:00:00 GMT",JPM,"Trump's tariffs are largest US tax hike since 1968, JPM warns - Reuters"
"Thu, 03 Apr 2025 07:00:00 GMT",AAPL,"Insider Sale: COO of $AAPL Sells 17,292 Shares - Nasdaq"
"Thu, 03 Apr 2025 07:00:00 GMT",AAPL,Apple Stock (AAPL) Falls as Citi Warns of a 9% Gross Margin Impact from Reciprocal Tariffs on China - TipRanks
"Thu, 08 May 2025 07:00:00 GMT",TSLA,Tesla (TSLA) Fell on Declining Analyst Expectations - Yahoo Finance
"Thu, 08 May 2025 07:00:00 GMT",JPM,JP Morgan creates new green banking leadership role - Reuters
"Thu, 08 May 2025 07:00:00 GMT",NVDA,Nvidia (NVDA) Flags $5.5B Hit as CEO Mentions Easing AI Chip Curbs - Yahoo Finance
"Thu, 08 May 2025 07:00:00 GMT",JPM,"Federal Reserve Holds Rates Steady at May 2025 Meeting, Looks to the Future - J.P. Morgan"
"Thu, 08 May 2025 07:00:00 GMT",NVDA,"China Is Baked In, Time To Pick Up AMD And Nvidia Stock (NASDAQ:NVDA) - Seeking Alpha"
"Thu, 10 Apr 2025 07:00:00 GMT",AMZN,"Jim Cramer Says: “Amazon (AMZN) Has All the Cards – It’s a Steal, Frankly” - Yahoo Finance"
"Thu, 10 Apr 2025 07:00:00 GMT",JPM,What you need to know about the trade war rollercoaster - J.P. Morgan Private Bank
"Thu, 10 Apr 2025 07:00:00 GMT",AAPL,"Apple: Better Now, But Don't Buy (NASDAQ:AAPL) - Seeking Alpha"
"Thu, 10 Apr 2025 07:00:00 GMT",TSLA,"Tesla Stock (TSLA) Tanks as Swedish EV Rival Offers $20,000 Driver Discounts to Swap Wheels - TipRanks"
"Thu, 10 Apr 2025 07:00:00 GMT",AMZN,CEO Andy Jassy’s 2024 Letter to Shareholders - About Amazon
"Thu, 15 May 2025 09:48:15 GMT",AAPL,Apple’s (AAPL) Legal Brawl With Epic Games Leaves Stockholders in Limbo - Yahoo Finance
"Thu, 15 May 2025 12:23:00 GMT",TSLA,Tesla's Cracks Widen (Rating Downgrade) (NASDAQ:TSLA) - Seeking Alpha
"Thu, 15 May 2025 18:18:16 GMT",NVDA,NVIDIA (NASDAQ: NVDA) Stock Price Prediction for 2025: Where Will It Be in 1 Year - 24/7 Wall St.
"Thu, 15 May 2025 19:12:05 GMT",NVDA,"Nvidia (NVDA) Set to Export 500,000 AI Chips Annually to UAE Under U.S. Deal - Yahoo Finance"
"Thu, 15 May 2025 20:28:00 GMT",NVDA,Nvidia Stock Climbs Off Lows As Earnings Wait In The Wings - Investor's Business Daily
"Thu, 15 May 2025 22:33:11 GMT",NVDA,Investor Michael Burry Bets Against Nvidia Stock (NVDA) - TipRanks
"Thu, 17 Apr 2025 07:00:00 GMT",AMZN,Here's Why Amazon (AMZN) is a Strong Growth Stock - Yahoo Finance
"Thu, 17 Apr 2025 07:00:00 GMT",AMZN,Amazon.com to Webcast First Quarter 2025 Financial Results Conference Call - Business Wire
"Thu, 17 Apr 2025 07:00:00 GMT",TSLA,Is TSLA a Buy Pre-Q1 Earnings? Investors Want These Answers First - Nasdaq
"Thu, 17 Apr 2025 07:00:00 GMT",NVDA,NVDA vs. AMD: Which Semiconductor Stock is the Smarter AI Play in 2025? - Nasdaq
"Thu, 17 Apr 2025 07:00:00 GMT",AMZN,"Is Amazon.com, Inc. (AMZN) the Least Risky Internet Stock To Invest In? - Yahoo Finance"
"Thu, 17 Apr 2025 07:00:00 GMT",AMZN,Amazon CEO Andy Jassy reveals one thing that ‘disproportionately matters’ for every business - About Amazon
"Thu, 17 Apr 2025 07:00:00 GMT",TSLA,Tesla (TSLA) Stock Declines While Market Improves: Some Information for Investors - Nasdaq
"Thu, 17 Apr 2025 07:00:00 GMT",JPM,Citizens Hires $700-Mln J.P. Morgan Team Whose Co-Leader Was Fired Over Remark to Manager - AdvisorHub
"Thu, 17 Apr 2025 07:00:00 GMT",AMZN,Is Amazon.com (AMZN) The Best American Tech Stock to Buy Now? - Yahoo Finance
"Thu, 17 Apr 2025 07:00:00 GMT",AAPL,Investors Are Missing The Point: Apple’s Fundamentals Are Cracking (NASDAQ:AAPL) - Seeking Alpha
"Thu, 17 Apr 2025 07:00:00 GMT",AAPL,Apple: The China Fallout Has Begun - Seeking Alpha
"Thu, 17 Apr 2025 07:00:00 GMT",AMZN,Tariff Tsunami Leaves Amazon Stock (AMZN) Trading at a Discount - Yahoo Finance
"Thu, 17 Apr 2025 07:00:00 GMT",JPM,"Morningstar gatekeepers place JPM, Columbia funds under review - Citywire"
"Thu, 17 Apr 2025 07:00:00 GMT",AMZN,CEO Andy Jassy shares 3 reasons he’s still at Amazon after 28 years - About Amazon
"Thu, 20 Mar 2025 07:00:00 GMT",JPM,"March 2025 Fed Meeting: Interest Rates Kept Steady, Slower Economic Growth Projected - J.P. Morgan"
"Thu, 22 May 2025 09:37:32 GMT",TSLA,TSLA Stock Climbs as Senate Vote Today Could Strike Tesla’s Emissions Goldmine - TipRanks
"Thu, 22 May 2025 10:59:35 GMT",AAPL,"Apple Inc. (NASDAQ:AAPL) Is “A Parade Of Horribles,” Believes Jim Cramer - Yahoo Finance"
"Thu, 22 May 2025 11:02:12 GMT",NVDA,"NVIDIA Corporation (NASDAQ:NVDA) Is Leading A “Worldwide Revolution,” Says Jim Cramer - Yahoo Finance"
"Thu, 22 May 2025 13:51:20 GMT",TSLA,"Next Step for Tesla (TSLA) Stock: $120 or $2,600? - 24/7 Wall St."
"Thu, 22 May 2025 14:01:00 GMT",NVDA,How Will Nvidia Stock React To Earnings As Analysts Dismiss China Curbs? Is Nvidia A Buy Now? - Investor's Business Daily
"Thu, 22 May 2025 14:34:19 GMT",NVDA,"Going Into Earnings, Is Nvidia Stock a Buy, a Sell, or Fairly Valued? - Morningstar"
"Thu, 22 May 2025 15:21:38 GMT",AAPL,Why Goldman Remains Bullish on Apple (AAPL) - Yahoo Finance
"Thu, 22 May 2025 15:29:08 GMT",NVDA,Well-Known Investor Is Likely to Sell Nvidia (NVDA) Ahead of Its Earnings - Yahoo Finance
"Thu, 22 May 2025 16:27:00 GMT",TSLA,Tesla (TSLA) is badly affected by Trump’s ‘Big Beautiful Bill’ the GOP just passed - Electrek
"Thu, 22 May 2025 17:11:46 GMT",TSLA,"“Some Say” Tesla (TSLA) Is Like Pre-iTunes Apple (AAPL), Tech Researcher Reports - Yahoo Finance"
"Thu, 22 May 2025 19:09:24 GMT",NVDA,Nvidia stock poised to swing more than 7% as crucial earnings report will test the market rally - Yahoo Finance
"Thu, 24 Apr 2025 07:00:00 GMT",AMZN,"Amazon.com (AMZN): Short-Term Shivers, Long-Term Gains? - Yahoo Finance"
"Thu, 24 Apr 2025 07:00:00 GMT",AAPL,Apple Stock (NASDAQ:AAPL) Notches Up Despite Price Target Cuts - TipRanks
"Thu, 24 Apr 2025 07:00:00 GMT",AMZN,What’s Happening With AMZN Stock? - Forbes
"Thu, 24 Apr 2025 07:00:00 GMT",AAPL,"Analyst Explains Threats to Apple (AAPL), Says It ‘Fumbled’ AI Launch - Yahoo Finance"
"Thu, 24 Apr 2025 07:00:00 GMT",AAPL,INVESTIGATION ALERT (NASDAQ: AAPL): DiCello Levitt LLP Is - GlobeNewswire
"Thu, 24 Apr 2025 07:00:00 GMT",AMZN,Amazon (AMZN) Earnings Expected to Grow: What to Know Ahead of Next Week's Release - Yahoo Finance
"Thu, 24 Apr 2025 07:00:00 GMT",NVDA,Why Nvidia Stock's Real Story Is Mispriced (NASDAQ:NVDA) - Seeking Alpha
"Thu, 24 Apr 2025 07:00:00 GMT",TSLA,"“Don’t Believe the Hype of Tesla (TSLA),” Market Strategist Warns - Yahoo Finance"
"Thu, 24 Apr 2025 07:00:00 GMT",AAPL,Apple (AAPL) Reports Next Week: Wall Street Expects Earnings Growth - Nasdaq
"Thu, 27 Feb 2025 08:00:00 GMT",AMZN,Amazon Web Services announces a new quantum computing chip - About Amazon
"Tue, 01 Apr 2025 07:00:00 GMT",AAPL,Apple (AAPL) Laps the Stock Market: Here's Why - Nasdaq
"Tue, 01 Apr 2025 07:00:00 GMT",JPM,"Market Thoughts: What, me worry? - J.P. Morgan Private Bank"
"Tue, 01 Apr 2025 07:00:00 GMT",TSLA,$TSLA stock is up 5% today. Here's what we see in our data. - Nasdaq
"Tue, 01 Apr 2025 07:00:00 GMT",AAPL,Apple: Great Business But The Wrong Price (NASDAQ:AAPL) - Seeking Alpha
"Tue, 01 Apr 2025 07:00:00 GMT",TSLA,"TSLA stock price today: Tesla sales crater in key Europe markets, but investors shrug - Fast Company"
"Tue, 04 Mar 2025 08:00:00 GMT",TSLA,Elon Musk tries and fails to pump Tesla’s stock (TSLA) - Electrek
"Tue, 04 Mar 2025 08:00:00 GMT",AMZN,Should You Buy AMZN Stock At $205? - Forbes
"Tue, 06 May 2025 07:00:00 GMT",JPM,"“Dogespierre Has Left the Building,” Says JPM’s Michael Cembalest - Institutional Investor"
"Tue, 06 May 2025 07:00:00 GMT",NVDA,"Nvidia Hit by $20 Billion China Meltdown, BofA Warns Ahead of Earnings - Yahoo Finance"
"Tue, 06 May 2025 07:00:00 GMT",AAPL,Apple: 3 Reasons To Load Up The Truck (NASDAQ:AAPL) - Seeking Alpha
"Tue, 06 May 2025 07:00:00 GMT",NVDA,ChatGPT Stock Advice: NVIDIA Corporation (NVDA) Among Top Stock Recommendations - Yahoo Finance
"Tue, 06 May 2025 07:00:00 GMT",AMZN,Amazon Stock Stuck Below 50-Day Line After Outlook Miss. Is It A Buy Or Sell? - Investor's Business Daily
"Tue, 06 May 2025 07:00:00 GMT",NVDA,"NVDA Stock “Is in a Great Spot,” Tech Researcher Says - Yahoo Finance"
"Tue, 06 May 2025 07:00:00 GMT",NVDA,Live NVIDIA (Nasdaq: NVDA) News: Why NVIDIA’s Stock is Down on May 6 - AOL.com
"Tue, 06 May 2025 07:00:00 GMT",AAPL,Earnings Update: Apple Inc. (NASDAQ:AAPL) Just Reported Its Second-Quarter Results And Analysts Are Updating Their Forecasts - Yahoo Finance
"Tue, 06 May 2025 07:00:00 GMT",TSLA,Tesla (TSLA) Retains $400 Price Target as Piper Sandler Bets on Robotaxi Rollout - Yahoo Finance
"Tue, 06 May 2025 07:00:00 GMT",NVDA,"Charles Schwab Alumnus Owns AMD, NVDA Stock - Yahoo Finance"
"Tue, 06 May 2025 07:00:00 GMT",NVDA,Nvidia: May 15 Could Be The True Liberation Day (NASDAQ:NVDA) - Seeking Alpha
"Tue, 06 May 2025 07:00:00 GMT",TSLA,TSLA: Tesla Stock Sinks as Company’s Market Share in Europe Shrinks by 37% in a Year - TradingView
"Tue, 06 May 2025 07:00:00 GMT",NVDA,Nvidia (NVDA) Retains Overweight Rating Despite $9.8B Risk Flagged by Piper Sandler - Yahoo Finance
"Tue, 06 May 2025 07:00:00 GMT",AMZN,"Amazon.com, Inc. (AMZN): ‘Advertising Surge & AWS Strength’ Prompt Baird Price Target Hike to $220 - Yahoo Finance"
"Tue, 08 Apr 2025 07:00:00 GMT",JPM,Gear Up for JPMorgan Chase & Co. (JPM) Q1 Earnings: Wall Street Estimates for Key Metrics - Yahoo Finance
"Tue, 08 Apr 2025 07:00:00 GMT",AMZN,"Is Amazon.com, Inc. (AMZN) the Best Stock to Buy According to Billionaire Steve Cohen? - Yahoo Finance"
"Tue, 08 Apr 2025 07:00:00 GMT",JPM,JPMorgan's Climate Fund Smashes Target: $1.5B Raised for Forest Investment Strategy - Stock Titan
"Tue, 08 Apr 2025 07:00:00 GMT",JPM,JPMorgan Chase & Co. (JPM): Jim Cramer Warns “A Journey to the Center of the Earth” for This Bank Stock - Yahoo Finance
"Tue, 08 Apr 2025 07:00:00 GMT",NVDA,NVDA Stock A Steal At $95? - Forbes
"Tue, 08 Apr 2025 07:00:00 GMT",NVDA,Nvidia (NVDA) Stock Moves -1.37%: What You Should Know - Nasdaq
"Tue, 08 Apr 2025 07:00:00 GMT",NVDA,$NVDA stock is up 4% today. Here's what we see in our data. - Nasdaq
"Tue, 08 Apr 2025 14:51:07 GMT",JPM,Uncertainty spurs need for resilient portfolios - J.P. Morgan Private Bank
"Tue, 11 Mar 2025 07:00:00 GMT",AMZN,AMZN Quantitative Stock Analysis - Nasdaq
"Tue, 13 May 2025 07:00:00 GMT",NVDA,"Stocks making the biggest moves midday: Nvidia, Boeing, Coinbase, First Solar and more - CNBC"
"Tue, 13 May 2025 07:00:00 GMT",NVDA,Nvidia (NASDAQ: NVDA) up Nearly 5%: Here’s Why - 24/7 Wall St.
"Tue, 13 May 2025 07:00:00 GMT",TSLA,Tesla (TSLA) Chinese deliveries dropped to a scary low level - Electrek
"Tue, 13 May 2025 07:00:00 GMT",NVDA,Nvidia gain leads chip stocks higher amid Saudi Arabia mega deal (NVDA:NASDAQ) - Seeking Alpha
"Tue, 13 May 2025 07:00:00 GMT",NVDA,Analyst Says ‘Nobody’ Can Catch Up With NVIDIA (NVDA) - Yahoo Finance
"Tue, 13 May 2025 07:00:00 GMT",NVDA,NVIDIA Corporation (NVDA): Among the Best Growth Stocks to Buy and Hold for the Long Term - Yahoo Finance
"Tue, 13 May 2025 07:00:00 GMT",NVDA,"Nvidia (NVDA) Shares Skyrocket, What You Need To Know - Yahoo Finance"
"Tue, 13 May 2025 07:00:00 GMT",AAPL,Analyst Highlights ‘Distrubing and Dissappointing” Development for Apple (AAPL) - Yahoo Finance
"Tue, 13 May 2025 16:00:23 GMT",NVDA,NVIDIA (NASDAQ: NVDA) Price Prediction and Forecast 2025-2030 for May 13 - 24/7 Wall St.
"Tue, 13 May 2025 17:55:39 GMT",JPM,JPM to convert $1.2bn fund to ETF - Citywire
"Tue, 13 May 2025 19:00:23 GMT",NVDA,Nvidia Leaves Rival Broadcom Out In AI Data Center Race; Is Nvidia A Buy Now? - Investor's Business Daily
"Tue, 15 Apr 2025 07:00:00 GMT",AMZN,Amazon.com (AMZN) Sold Off in Q1 Along with Peers - Yahoo Finance
"Tue, 15 Apr 2025 07:00:00 GMT",JPM,J.P. Morgan Steps Up for Landmark Saudi Arabia Green Bond - J.P. Morgan
"Tue, 15 Apr 2025 07:00:00 GMT",AAPL,Is Apple Still A Smart Investment? - Trefis
"Tue, 15 Apr 2025 07:00:00 GMT",JPM,JPMorganChase Declares Preferred Stock Dividends - Business Wire
"Tue, 15 Apr 2025 07:00:00 GMT",TSLA,"Here is What to Know Beyond Why Tesla, Inc. (TSLA) is a Trending Stock - Nasdaq"
"Tue, 15 Apr 2025 07:00:00 GMT",AMZN,"Amazon.com, Inc. (AMZN): Hit by Macro Fears, Still a Top Buy - Yahoo Finance"
"Tue, 15 Apr 2025 07:00:00 GMT",JPM,Is JPMorgan Chase (JPM) Among The Top Goldman Sachs Value Stocks? - Yahoo Finance
"Tue, 15 Apr 2025 07:00:00 GMT",AAPL,Here's Why Apple (AAPL) Fell More Than Broader Market - Nasdaq
"Tue, 15 Apr 2025 07:00:00 GMT",NVDA,Nvidia Stock Warns On China License Issue (NASDAQ:NVDA) - Seeking Alpha
"Tue, 15 Apr 2025 07:00:00 GMT",JPM,JPMorgan's Massive $4.4T Portfolio Backs New Preferred Dividend Announcement - Stock Titan
"Tue, 15 Apr 2025 07:00:00 GMT",NVDA,Nvidia's Biggest Headache Comes In 30 Days - Seeking Alpha
"Tue, 20 May 2025 08:03:39 GMT",JPM,JPMorgan Chase Begins Offering Clients Access to Bitcoin - PYMNTS.com
"Tue, 20 May 2025 10:04:56 GMT",JPM,"Ex-JPM Trader Was Fired Unfairly Despite Spoofing, Judge Rules - Bloomberg.com"
"Tue, 20 May 2025 12:00:00 GMT",NVDA,Nvidia: Roaring Into Q1 Earnings Release After Unjustified Pullback (NASDAQ:NVDA) - Seeking Alpha
"Tue, 20 May 2025 13:34:00 GMT",TSLA,Tesla Robotaxi Launches In A Few Weeks. These Are The Details From Morgan Stanley-Tesla Meeting. - Investor's Business Daily
"Tue, 20 May 2025 14:49:32 GMT",AAPL,Well-Known Analyst Says Apple Inc. (AAPL) Is Enjoying a “Dream Scenario” - Yahoo Finance
"Tue, 20 May 2025 15:32:19 GMT",AMZN,Inflated Valuation Sets Up Bullish Options Strategy on Amazon Stock (AMZN) - TipRanks
"Tue, 20 May 2025 16:18:23 GMT",NVDA,NVIDIA (NASDAQ: NVDA) Price Prediction and Forecast 2025-2030 for May 20 - 24/7 Wall St.
"Tue, 20 May 2025 16:24:58 GMT",JPM,JPM asset and wealth management plots 'path to $10tn' - Citywire
"Tue, 20 May 2025 17:33:44 GMT",AAPL,"Apple (AAPL) Still Under-Owned, Says Morgan Stanley - Yahoo Finance"
"Tue, 20 May 2025 17:33:57 GMT",AAPL,"Evercore ISI Reiterates Outperform on Apple (AAPL), Targets $250 - Yahoo Finance"
"Tue, 20 May 2025 17:40:00 GMT",AAPL,Apple's CarPlay Ultra Gains Adoption: Buy or Hold the AAPL Stock? - Yahoo Finance
"Tue, 20 May 2025 18:33:51 GMT",NVDA,"Nvidia’s (NVDA) AI Chip Revenue Will ‘More Than Double’ by 2030, Says TD Cowen - TipRanks"
"Tue, 20 May 2025 18:53:44 GMT",JPM,Jim Cramer on JPMorgan (JPM) Chase’s Analyst Meetings: “It Moves Stocks” - Yahoo Finance
"Tue, 20 May 2025 19:00:00 GMT",JPM,"JPM, BAC, and MS: How U.S. Bank Stocks Line Up in the Trump Era - Yahoo Finance"
"Tue, 20 May 2025 19:53:02 GMT",AMZN,Amazon Gives Refunds for Years-Old Returns - Bloomberg.com
"Tue, 22 Apr 2025 07:00:00 GMT",AAPL,"Sell Apple stock before it sinks another 30%, analyst says - Quartz"
"Tue, 22 Apr 2025 07:00:00 GMT",AAPL,AAPL Quantitative Stock Analysis - Nasdaq
"Tue, 22 Apr 2025 07:00:00 GMT",AAPL,Apple (AAPL) Target Slashed to $141: ‘No Easy Answers’ as Trade Tensions and AI Lag Take Toll - Yahoo Finance
"Tue, 22 Apr 2025 07:00:00 GMT",JPM,Buy the Dip on JPMorgan Chase Stock - Yahoo Finance
"Tue, 22 Apr 2025 07:00:00 GMT",AMZN,"Amazon.com, Inc. (AMZN) Price Target Cut to $235 on Cloud Demand Uncertainty, Long-Term AWS Potential Remains - Yahoo Finance"
"Tue, 22 Apr 2025 07:00:00 GMT",TSLA,Tesla reports 20% drop in auto revenue as first-quarter results miss Wall Street estimates - CNBC
"Tue, 22 Apr 2025 07:00:00 GMT",AMZN,"Why Shares of Amazon, Walmart, and Home Depot Are Rebounding Today - The Motley Fool"
"Tue, 22 Apr 2025 07:00:00 GMT",AMZN,$AMZN stock is up 3% today. Here's what we see in our data. - Nasdaq
"Tue, 22 Apr 2025 07:00:00 GMT",AMZN,"Going Into Earnings, Is Amazon Stock a Buy, a Sell, or Fairly Valued? - Morningstar"
"Tue, 22 Apr 2025 07:00:00 GMT",AMZN,"Amazon Stock Tumbled 30%, It's Time To Load Up (NASDAQ:AMZN) - Seeking Alpha"
"Tue, 22 Apr 2025 07:00:00 GMT",AMZN,Amazon’s stock is cheap relative to Walmart’s. Why investors are making a mistake in their flight to safety. - MarketWatch
"Tue, 22 Apr 2025 07:00:00 GMT",TSLA,"Tesla misses Q1 profit expectations, pulls FY25 guidance (TSLA:NASDAQ) - Seeking Alpha"
"Tue, 22 Apr 2025 07:00:00 GMT",TSLA,Tesla Stock Price Target Slashed Before Earnings. Elon Musk Faces 'Code Red Situation.' - Investor's Business Daily
"Tue, 22 Apr 2025 07:00:00 GMT",TSLA,Tesla Q1 Earnings: 154% Energy Storage Boom Offsets Vehicle Slowdown; New Models Coming - Stock Titan
"Tue, 22 Apr 2025 07:00:00 GMT",TSLA,Timing the Bottom: What Have Investors Been Able to Earn Buying TSLA Dips? - Yahoo Finance
"Tue, 22 Apr 2025 07:00:00 GMT",AMZN,"If You Buy Amazon With $10,000 in 2025, Will You Become a Millionaire in 10 Years? - The Motley Fool"
"Tue, 22 Apr 2025 07:00:00 GMT",TSLA,TSLA: Tesla Stock Gains Despite a 71% Drop in Profit. Musk to Spend Less time on DOGE. - TradingView
"Tue, 22 Apr 2025 07:00:00 GMT",TSLA,"Tesla’s (TSLA) High Margins Make It Attractive, Longtime Stock Picker Says - Yahoo Finance"
"Tue, 22 Apr 2025 07:00:00 GMT",JPM,Market Thoughts: The dollar frowns - J.P. Morgan Private Bank
"Tue, 22 Apr 2025 07:00:00 GMT",TSLA,Tesla (TSLA) Q1 2025 financial results: missed big on already terrible expectations - Electrek
"Tue, 25 Feb 2025 08:00:00 GMT",TSLA,Tesla (TSLA) stock is crashing like a 'soufflé under a sledge hammer' as Elon Musk predicted - Electrek
"Tue, 25 Mar 2025 07:00:00 GMT",NVDA,NVDA Quantitative Stock Analysis - Nasdaq
"Tue, 25 Mar 2025 15:31:23 GMT",JPM,US tariffs: What’s the impact on global trade and the economy? - J.P. Morgan
"Tue, 29 Apr 2025 07:00:00 GMT",AAPL,"GOOGL, AMZN and AAPL Forecast – Major US Stocks Quiet in the Premarket on Tuesday - FXEmpire"
"Tue, 29 Apr 2025 07:00:00 GMT",AMZN,"Jim Cramer on Amazon.com, Inc. (AMZN): “We’ve been buying this one” – A Retail Powerhouse With Global Momentum - Yahoo Finance"
"Tue, 29 Apr 2025 07:00:00 GMT",AAPL,Apple: Don't Buy The Dip (NASDAQ:AAPL) - Seeking Alpha
"Tue, 29 Apr 2025 07:00:00 GMT",AAPL,Apple Stock (AAPL) Sours Despite Ramping Up Indian iPhone Production to Beat Trump’s Tariffs - TipRanks
"Tue, 29 Apr 2025 07:00:00 GMT",AAPL,Apple (AAPL) Is About to Report Q2 Earnings Tomorrow. Here Is What to Expect - TipRanks
"Tue, 29 Apr 2025 07:00:00 GMT",AAPL,Why Apple's Valuation Makes Sense (NASDAQ:AAPL) - Seeking Alpha
"Tue, 29 Apr 2025 07:00:00 GMT",NVDA,Nvidia: Time To Go All In (NASDAQ:NVDA) - Seeking Alpha
"Tue, 29 Apr 2025 07:00:00 GMT",TSLA,Tesla Board member and Airbnb co-founder loads up on TSLA ahead of robotaxi launch - Teslarati
"Tue, 29 Apr 2025 07:00:00 GMT",NVDA,NVIDIA Corporation (NVDA) is Attracting Investor Attention: Here is What You Should Know - Nasdaq
"Tue, 29 Apr 2025 07:00:00 GMT",TSLA,Tesla (TSLA) chair sells most of her stocks – her time is done? - Electrek
"Tue, 29 Apr 2025 07:00:00 GMT",AAPL,Apple (AAPL) Earnings Preview: Can the Stock Rebound? - tastylive
"Tue, 29 Apr 2025 07:00:00 GMT",AMZN,A ‘p*ssed’ Trump called Jeff Bezos after learning Amazon considered breaking out a tariff charge - CNN
"Tue, 29 Apr 2025 07:00:00 GMT",AAPL,Jim Cramer on Apple Inc. (AAPL): “Can Work Their Way Out of Any Abyss” – Counting on Cook’s Strategy Beyond China - Yahoo Finance
"Tue, 29 Apr 2025 14:34:18 GMT",TSLA,Why Did Tesla Stock [TSLA] Rise Again? - CleanTechnica
"Wed, 02 Apr 2025 07:00:00 GMT",NVDA,April 2025 - News & Announcements from NVDA - Vermont Business Magazine
"Wed, 02 Apr 2025 07:00:00 GMT",TSLA,"TSLA roller-coaster ride: Tesla sees largest-ever drop in vehicle deliveries, but report says Musk could leave DOGE - Fast Company"
"Wed, 02 Apr 2025 07:00:00 GMT",TSLA,"TSLA Tumbles, Then Rebounds, After Disastrous Q1 Sales - ETF.com"
"Wed, 07 May 2025 07:00:00 GMT",AMZN,"Amazon.com (AMZN) Stock “Is Oversold,” Prominent Investor Says - Yahoo Finance"
"Wed, 07 May 2025 07:00:00 GMT",NVDA,Nvidia: I Am Buying The YTD Weakness With Confidence (NASDAQ:NVDA) - Seeking Alpha
"Wed, 07 May 2025 07:00:00 GMT",TSLA,Tesla may be forming a double-top pattern. How to trade it from here - CNBC
"Wed, 07 May 2025 07:00:00 GMT",AMZN,"Amazon.com, Inc. (AMZN): Among Stocks That Will Make You Rich In 3 Years - Yahoo Finance"
"Wed, 07 May 2025 07:00:00 GMT",AMZN,"Amazon.com, Inc. (AMZN): AI Integration and E-Commerce Strength Drive Price Target Boost - Yahoo Finance"
"Wed, 07 May 2025 07:00:00 GMT",NVDA,NVIDIA Corporation (NVDA): Among Billionaire Louis Bacon’s Stock Picks with Huge Upside Potential - Yahoo Finance
"Wed, 07 May 2025 07:00:00 GMT",AAPL,Well-Known Tech Analyst Suggests That He’s Somewhat Worried About AAPL’s Outlook - Yahoo Finance
"Wed, 07 May 2025 07:00:00 GMT",NVDA,NVIDIA Corporation (NVDA): Among David Tepper’s Stock Picks with Huge Upside Potential - Yahoo Finance
"Wed, 07 May 2025 07:00:00 GMT",NVDA,NVIDIA Corporation (NVDA): Long-Term Growth Confidence Builds Despite Modest Portfolio Weighting - Yahoo Finance
"Wed, 07 May 2025 07:00:00 GMT",NVDA,Jim Cramer Asserts that NVIDIA Corporation (NVDA) Will Experience Sizeable Demand - Yahoo Finance
"Wed, 07 May 2025 07:00:00 GMT",NVDA,What AMD's Earnings Could Mean for Nvidia - Investopedia
"Wed, 07 May 2025 07:00:00 GMT",NVDA,NVIDIA Corporation (NVDA): Among Most Popular Stocks on Robinhood in 2025 - Yahoo Finance
"Wed, 07 May 2025 07:00:00 GMT",TSLA,Well-Known Investor Buys TSLA Stock - Yahoo Finance
"Wed, 09 Apr 2025 07:00:00 GMT",AMZN,"Is Amazon Stock a Buy, Sell, or Hold in 2025? - Nasdaq"
"Wed, 09 Apr 2025 07:00:00 GMT",AMZN,Is Amazon.com (AMZN) Poised to Deliver Years of Solid Revenue Growth and Margin Expansion? - Yahoo Finance
"Wed, 09 Apr 2025 07:00:00 GMT",AMZN,Two Banks Lower Their Price Targets on Amazon (AMZN) Stock - Yahoo Finance
"Wed, 09 Apr 2025 07:00:00 GMT",AAPL,Apple Stock Is The First Place To Look For A Bounce - Seeking Alpha
"Wed, 09 Apr 2025 07:00:00 GMT",AAPL,Why Buying The Dip on Apple Stock (AAPL) is a Bad Idea - TipRanks
"Wed, 12 Mar 2025 07:00:00 GMT",JPM,J.P. Morgan economist sees 40% US recession chance and risks to 'exorbitant privilege' - Reuters
"Wed, 14 May 2025 07:00:00 GMT",NVDA,"Stocks making the biggest moves premarket: Nvidia, Super Micro, American Eagle Outfitters, UnitedHealth and more - CNBC"
"Wed, 14 May 2025 07:00:00 GMT",TSLA,Marjorie Taylor Greene Makes 3rd Tesla (TSLA) Purchase in 2025 Amid Ethics Questions - Yahoo Finance
"Wed, 14 May 2025 07:00:00 GMT",JPM,April 2025 inflation rate lower than expected: What this means for investors - J.P. Morgan
"Wed, 14 May 2025 07:00:00 GMT",NVDA,Is NVIDIA (NVDA) the Best Technology Stock to Buy for Long-Term Investment? - Yahoo Finance
"Wed, 14 May 2025 07:00:00 GMT",NVDA,Is NVIDIA (NVDA) the Best Quantum Computing Stock to Invest in Now? - Yahoo Finance
"Wed, 14 May 2025 07:00:00 GMT",NVDA,"NVIDIA Corporation (NVDA) Climbs on Price Target Increase, Upbeat News From Washington - Yahoo Finance"
"Wed, 14 May 2025 07:00:00 GMT",TSLA,Tesla (TSLA) board explore new pay deal for Elon Musk - Electrek
"Wed, 14 May 2025 07:00:00 GMT",AMZN,Amazon: The Real Pain Is Still Coming (NASDAQ:AMZN) - Seeking Alpha
"Wed, 14 May 2025 07:00:00 GMT",AMZN,Is Amazon.com (AMZN) the Best High Volume Stock to Buy Now? - Yahoo Finance
"Wed, 14 May 2025 07:00:00 GMT",TSLA,Is Tesla (TSLA) the Best Technology Stock to Buy for Long-Term Investment? - Yahoo Finance
"Wed, 14 May 2025 08:18:41 GMT",NVDA,Is NVIDIA (NVDA) the Best High Volume Stock to Buy Now? - Yahoo Finance
"Wed, 14 May 2025 18:33:00 GMT",NVDA,Cashing In On Nvidia Stock By Using A Bull Put Spread Tactic - Investor's Business Daily
"Wed, 14 May 2025 21:16:30 GMT",AAPL,"Apple Inc. (AAPL) “Is Not in the Epicenter of AI Right Now,” Veteran Investor Says - Yahoo Finance"
"Wed, 14 May 2025 21:16:33 GMT",AAPL,Apple (AAPL) Unveils Brain-Interface Initiative as iPhone Sales Lag - Yahoo Finance
"Wed, 16 Apr 2025 07:00:00 GMT",AMZN,Analysts Cut Amazon Price Targets With First-Quarter Report Due Soon - Investor's Business Daily
"Wed, 16 Apr 2025 07:00:00 GMT",AMZN,Is Amazon.com Inc. (NASDAQ:AMZN) the Best Machine Learning Stock to Buy Now? - Yahoo Finance
"Wed, 16 Apr 2025 07:00:00 GMT",NVDA,Nvidia: Headwinds Are Mounting - Sell (NASDAQ:NVDA) - Seeking Alpha
"Wed, 16 Apr 2025 07:00:00 GMT",NVDA,Nvidia Stock (NVDA) On Red Alert as Chinese Heavyweight Huawei Unveils ‘Nuclear Level’ Rival System - TipRanks
"Wed, 16 Apr 2025 07:00:00 GMT",NVDA,Watch These Nvidia Stock Price Levels as Chip Export Curb Set to Hit Earnings - Investopedia
"Wed, 16 Apr 2025 07:00:00 GMT",JPM,Debunking the top five sustainable investing myths - J.P. Morgan
"Wed, 16 Apr 2025 07:00:00 GMT",TSLA,Insights Into Tesla (TSLA) Q1: Wall Street Projections for Key Metrics - Nasdaq
"Wed, 16 Apr 2025 07:00:00 GMT",NVDA,It'll Just Get Worse For Nvidia: Downgrading To Strong Sell (NVDA) - Seeking Alpha
"Wed, 19 Mar 2025 07:00:00 GMT",AMZN,Amazon Q Business now available in Europe (Ireland) AWS Region - Amazon Web Services (AWS)
"Wed, 19 Mar 2025 07:00:00 GMT",TSLA,Leveraged Tesla ETFs Make Big Moves Amid Epic TSLA Stock Skid - ETF.com
"Wed, 21 May 2025 12:45:16 GMT",NVDA,Nvidia (NASDAQ: NVDA) Stock Price Prediction for 2025: Where Will It Be in 1 Year - 24/7 Wall St.
"Wed, 21 May 2025 13:27:00 GMT",AAPL,Apple CEO Cook met with Trump at White House: report (AAPL:NASDAQ) - Seeking Alpha
"Wed, 21 May 2025 13:48:00 GMT",NVDA,Nvidia sees bullish views at Loop Capital ahead of earnings results (NVDA:NASDAQ) - Seeking Alpha
"Wed, 21 May 2025 14:38:40 GMT",NVDA,"Nvidia’s (NVDA) Recent Announcements Are Bullish for NVDA Stock, Tech Researcher Says - Yahoo Finance"
"Wed, 21 May 2025 14:44:14 GMT",TSLA,"Tesla Stock Is Attractive Because of TSLA’s Operating System, Bank’s Investment Strategist Says - Yahoo Finance"
"Wed, 21 May 2025 16:03:00 GMT",JPM,JPM to Boost Middle East Presence With Hiring of More Than 100 Staff - Yahoo Finance
"Wed, 21 May 2025 17:16:07 GMT",TSLA,Tesla Stock (TSLA) Steers Higher Despite ‘Sneaky’ Change to Cybertruck Fees - TipRanks
"Wed, 21 May 2025 17:30:00 GMT",TSLA,TSLA Stock Eyes Prosperity in the Trump Era - Yahoo Finance
"Wed, 21 May 2025 17:46:28 GMT",JPM,JPMorgan Chase (NYSE:JPM) Unveils Center For Geopolitics To Guide Clients Through Global Trends - Yahoo Finance
"Wed, 21 May 2025 18:13:04 GMT",TSLA,"Jim Cramer Mentions He Likes Tesla, Inc. (TSLA)’s Stock Here - Yahoo Finance"
"Wed, 21 May 2025 23:55:40 GMT",TSLA,"Tesla (TSLA) Gets $410 Target, Morgan Stanley Says ‘Muskonomy’ Is the Bigger Story - Yahoo Finance"
"Wed, 23 Apr 2025 07:00:00 GMT",AMZN,Raymond James Downgrades Amazon.com (WSE:AMZN) - Nasdaq
"Wed, 23 Apr 2025 07:00:00 GMT",AMZN,"Is Amazon.com, Inc. (AMZN) the Best Stock to Buy According to Marjorie Taylor Greene? - Yahoo Finance"
"Wed, 23 Apr 2025 07:00:00 GMT",AMZN,"Is Amazon.com, Inc. (AMZN) the Best Stock to Buy and Hold for 20 Years? - Yahoo Finance"
"Wed, 23 Apr 2025 07:00:00 GMT",JPM,Ultimate Insider Marjorie Taylor Greene’s Top Stock Picks: JPMorgan Chase & Co. (JPM) - Yahoo Finance
"Wed, 23 Apr 2025 07:00:00 GMT",TSLA,Tesla (TSLA) stock surges on Elon’s lies despite disastrous earnings - Electrek
"Wed, 23 Apr 2025 07:00:00 GMT",AAPL,Is Apple Inc. (AAPL) the Best Stock to Buy and Hold for 20 Years? - Yahoo Finance
"Wed, 23 Apr 2025 07:00:00 GMT",TSLA,Investment Bank Says TSLA Stock Is Attractive for Long-Term Investors - Yahoo Finance
"Wed, 23 Apr 2025 07:00:00 GMT",AAPL,How Will Apple Stock React To Its Upcoming Earnings? - Trefis
"Wed, 23 Apr 2025 07:00:00 GMT",AAPL,Sell Signal on AAPL! Analyst Warns of an Alarming 30% Drop in Apple Stock - TipRanks
"Wed, 23 Apr 2025 07:00:00 GMT",NVDA,The Reason Nvidia Is Still A Short For Me (NASDAQ:NVDA) - Seeking Alpha
"Wed, 23 Apr 2025 07:00:00 GMT",NVDA,Nvidia: A 50-60% Drop From Highs Is Becoming A Realistic Possibility - Seeking Alpha
"Wed, 23 Apr 2025 07:00:00 GMT",TSLA,"TSLA Has Many Problems, But Two Potential Developments Could Get It Back on Course, Veteran Investor Says - Yahoo Finance"
"Wed, 23 Apr 2025 07:00:00 GMT",TSLA,"Tesla (TSLA) Is Far Behind in the Autonomous-Vehicle Race, Former TSLA Executive Says - Yahoo Finance"
"Wed, 23 Apr 2025 07:00:00 GMT",AAPL,Tech Giants to Plow $500 Billion Cash Hoard Into More Buybacks - Bloomberg.com
"Wed, 23 Apr 2025 07:00:00 GMT",TSLA,Is Tesla (TSLA) the Best Stock to Buy According to Marjorie Taylor Greene? - Yahoo Finance
"Wed, 23 Apr 2025 07:00:00 GMT",TSLA,Tesla Inc (TSLA) Q1 2025 Earnings Call Highlights: Record Energy Profits Amid Delivery Challenges - Yahoo Finance
"Wed, 23 Apr 2025 07:00:00 GMT",AMZN,"Is Amazon.com, Inc. (AMZN) the Best Nancy Pelosi Stock To Invest In Now? - Yahoo Finance"
"Wed, 23 Apr 2025 07:00:00 GMT",TSLA,Tesla stock rises after Musk says time at DOGE will drop 'significantly' - Yahoo Finance
"Wed, 26 Feb 2025 08:00:00 GMT",AMZN,Amazon Just Became A Strong Buy Again (NASDAQ:AMZN) - Seeking Alpha
"Wed, 26 Feb 2025 08:00:00 GMT",TSLA,He was once Elon Musk's biggest believer. Now he's doubling down on why Tesla's stock pain will get worse in 2025. - Business Insider
"Wed, 26 Feb 2025 08:00:00 GMT",NVDA,"Nvidia sales grow 78% on AI demand, company gives strong guidance - CNBC"
"Wed, 30 Apr 2025 07:00:00 GMT",AMZN,Is Amazon.com Inc. (AMZN) the Best Dow Stock for the Next 12 Months? - Yahoo Finance
"Wed, 30 Apr 2025 07:00:00 GMT",AAPL,Apple Is Moving IPhone Production To India. Should You Buy AAPL Stock Now? - Barchart.com
"Wed, 30 Apr 2025 07:00:00 GMT",AAPL,Apple (AAPL) Q1 Earnings: What To Expect - Yahoo Finance
"Wed, 30 Apr 2025 07:00:00 GMT",AAPL,Is Apple Inc. (AAPL) Among The Best Warren Buffett Stock Picks For Beginners? - Yahoo Finance
"Wed, 30 Apr 2025 07:00:00 GMT",AMZN,Amazon Stock Retreats Ahead of Thursday's Earnings - Investopedia
"Wed, 30 Apr 2025 07:00:00 GMT",AMZN,Amazon’s investing $4B to expand its rural delivery network - About Amazon
"Wed, 30 Apr 2025 07:00:00 GMT",AAPL,Apple Inc. (AAPL): Tariffs Force a Price Target Cut — Can Services and AI Keep It Afloat? - Yahoo Finance
"Wed, 30 Apr 2025 07:00:00 GMT",JPM,JPMorgan Launches $14.5M Initiative to Modernize Benefits System for Millions of Americans - Stock Titan
"Wed, 30 Apr 2025 07:00:00 GMT",JPM,JP Morgan AM: Chinese companies are trying 'to latch on' to AI investment - CNBC
"Wed, 30 Apr 2025 07:00:00 GMT",JPM,Preferred Stocks To Sell (Part 1): JPMorgan's JPM.PR.C (NYSE:JPM) - Seeking Alpha
"Wed, 30 Apr 2025 07:00:00 GMT",AAPL,Is Apple Inc. (AAPL) the Best Augmented Reality Stock to Buy According to Hedge Funds? - Yahoo Finance
"Wed, 30 Apr 2025 07:00:00 GMT",AAPL,"Magnificent 7 Earnings: What to Expect (AMZN, AAPL, META and MSFT) - Nasdaq"
"Wed, 30 Apr 2025 20:51:07 GMT",JPM,Sustainability at J.P. Morgan - J.P. Morgan
